{"_wandb":{"runtime":1443},"train/rewards/accuracies":0.9375,"_runtime":1226.566778,"train/epoch":0.4,"train/logits/rejected":0.861572265625,"train/logits/chosen":-1.639062523841858,"train/loss":0.5036,"_timestamp":1.751051953949108e+09,"_step":0,"train/logps/chosen":-76.30000305175781,"train/global_step":10,"train/logps/rejected":-32.529685974121094,"train/rewards/chosen":0.11312804371118546,"train/rewards/rejected":-0.34358882904052734,"train/learning_rate":4.1e-05,"train/rewards/margins":0.45670777559280396,"train/grad_norm":2.4425208568573}